epoch,loss_step,step,val_loss,loss_epoch
0,0.2026754548902924,49,,
0,0.1908726618918182,99,,
0,0.18013200256665288,149,,
0,0.19164711697003944,199,,
0,0.1787098330987141,249,,
0,0.176962293935541,299,,
0,,322,0.1766671298155617,
0,,322,,0.19718044077347946
1,0.1745073518351824,349,,
1,0.1843083925993672,399,,
1,0.17315138781800163,449,,
1,0.16342615599275706,499,,
1,0.17309410083637683,549,,
1,0.1684604386481649,599,,
