loss_step,epoch,step
0.2026754548902924,0,49
0.1908726618918182,0,99
0.18013200256665288,0,149
0.19164711697003944,0,199
0.1787098330987141,0,249
0.176962293935541,0,299
