step,loss_step,epoch
49,0.2026754548902924,0
99,0.1908726618918182,0
149,0.18013200256665288,0
199,0.19164711697003944,0
249,0.1787098330987141,0
299,0.176962293935541,0
