epoch,loss_step,step
0,0.20267072793083368,49
0,0.19086425153217432,99
0,0.18022164633581875,149
